year,drug_name,active_ingredient,approval_date,indication,application_number,application_type,label_pdf_url,drugs_at_fda_url,trials_snapshot_url,sponsor
2024,Alhemo,concizumab-mtci,2024-12-20,For routine prophylaxis to prevent bleeding episodes in hemophilia A and B,761315,BLA,https://www.accessdata.fda.gov/drugsatfda_docs/label/2024/761315s000lbl.pdf,https://www.accessdata.fda.gov/scripts/cder/daf/index.cfm?event=overview.process&ApplNo=761315,https://www.fda.gov/node/366301,Novo Nordisk INC
2024,Alyftrek,"vanzacaftor, tezacaftor, and deutivacaftor",2024-12-20,For the treatment of cystic fibrosis (CF) in patients 6 years of age and older,218730,NDA,https://www.accessdata.fda.gov/drugsatfda_docs/label/2024/218730s000lbl.pdf,https://www.accessdata.fda.gov/scripts/cder/daf/index.cfm?event=overview.process&ApplNo=218730,https://www.fda.gov/drugs/drug-trials-snapshots/drug-trials-snapshot-alyftrek,Vertex Pharms INC
2024,Tryngolza,olezarsen,2024-12-19,To treat familial chylomicronemia syndrome,218614,NDA,https://www.accessdata.fda.gov/drugsatfda_docs/label/2024/218614s000lbl.pdf,https://www.accessdata.fda.gov/scripts/cder/daf/index.cfm?event=overview.process&ApplNo=218614,https://www.fda.gov/drugs/drug-approvals-and-databases/drug-trials-snapshot-tryngolza,Ionis Pharms INC
2024,Ensacove,ensartinib,2024-12-18,To treat non-small cell lung cancer,218171,NDA,https://www.accessdata.fda.gov/drugsatfda_docs/label/2024/218171s000lbl.pdf,https://www.accessdata.fda.gov/scripts/cder/daf/index.cfm?event=overview.process&ApplNo=218171,https://www.fda.gov/drugs/drug-trials-snapshots/drug-trials-snapshot-ensacove,Xcovery
2024,Crenessity,crinecerfont,2024-12-13,To treat classic congenital adrenal hyperplasia,218808,NDA,"https://www.accessdata.fda.gov/drugsatfda_docs/label/2024/218808s000,218820s000lbl.pdf",https://www.accessdata.fda.gov/scripts/cder/daf/index.cfm?event=overview.process&ApplNo=218808,https://www.fda.gov/drugs/drug-trials-snapshots/drug-trials-snapshot-crenessity,Neurocrine
2024,Unloxcyt,cosibelimab-ipdl,2024-12-13,To treat cutaneous squamous cell carcinoma,761297,BLA,https://www.accessdata.fda.gov/drugsatfda_docs/label/2023/761297s000lbl.pdf,https://www.accessdata.fda.gov/scripts/cder/daf/index.cfm?event=overview.process&ApplNo=761297,https://www.fda.gov/drugs/drug-trials-snapshots/drug-trials-snapshot-unloxcyt,Checkpoint Therapeutics INC
2024,Bizengri,zenocutuzumab-zbco,2024-12-04,To treat non-small cell lung cancer and pancreatic adenocarcinoma,761352,BLA,https://www.accessdata.fda.gov/drugsatfda_docs/label/2024/761352s001lbl.pdf,https://www.accessdata.fda.gov/scripts/cder/daf/index.cfm?event=overview.process&ApplNo=761352,https://www.fda.gov/drugs/drug-trials-snapshots/drug-trials-snapshots-bizengri,Merus N.v.
2024,Iomervu,iomeprol,2024-11-27,For use as a radiographic contrast agent,216017,NDA,"https://www.accessdata.fda.gov/drugsatfda_docs/label/2024/216017s000,216017s000lbl.pdf",https://www.accessdata.fda.gov/scripts/cder/daf/index.cfm?event=overview.process&ApplNo=216017,https://www.fda.gov/drugs/drug-trials-snapshots/drug-trials-snapshots-iomervu,Bracco
2024,Rapiblyk,landiolol,2024-11-22,To treat supraventricular tachycardia,217202,NDA,https://www.accessdata.fda.gov/drugsatfda_docs/label/2024/217202s000lbl.pdf,https://www.accessdata.fda.gov/scripts/cder/daf/index.cfm?event=overview.process&ApplNo=217202,https://www.fda.gov/drugs/drug-trials-snapshots/drug-trials-snapshots-rapiblyk,Aop Hlth Us
2024,Attruby,acoramidis,2024-11-22,To treat cardiomyopathy of wild-type or variant transthyretin-mediated amyloidosis,216540,NDA,https://www.accessdata.fda.gov/drugsatfda_docs/label/2024/216540s000lbl.pdf,https://www.accessdata.fda.gov/scripts/cder/daf/index.cfm?event=overview.process&ApplNo=216540,https://www.fda.gov/drugs/drug-trials-snapshots/drug-trials-snapshot-attruby,Bridgebio Pharma
2024,Ziihera,zanidatamab-hrii,2024-11-20,To treat unresectable or metastatic HER2-positive (IHC 3+) biliary tract cancer,761416,BLA,https://www.accessdata.fda.gov/drugsatfda_docs/label/2024/761416s000lbl.pdf,https://www.accessdata.fda.gov/scripts/cder/daf/index.cfm?event=overview.process&ApplNo=761416,https://www.fda.gov/drugs/drug-trials-snapshots/drug-trials-snapshots-ziihera,Jazz Pharms
2024,Revuforj,revumenib,2024-11-15,To treat relapsed or refractory acute leukemia,218944,NDA,https://www.accessdata.fda.gov/drugsatfda_docs/label/2024/218944s000lbl.pdf,https://www.accessdata.fda.gov/scripts/cder/daf/index.cfm?event=overview.process&ApplNo=218944,https://www.fda.gov/drugs/drug-trials-snapshots/drug-trials-snapshots-revuforj,Syndax
2024,Orlynvah,"sulopenem etzadroxil, probenecid",2024-10-25,To treat uncomplicated urinary tract infections (uUTI),213972,NDA,https://www.accessdata.fda.gov/drugsatfda_docs/label/2024/213972s000lbl.pdf,https://www.accessdata.fda.gov/scripts/cder/daf/index.cfm?event=overview.process&ApplNo=213972,https://www.fda.gov/drugs/drug-trials-snapshots/drug-trials-snapshots-orlynvah,Iterum Therap
2024,Vyloy,zolbetuximab-clzb,2024-10-18,To treat gastric or gastroesophageal junction adenocarcinoma,761365,BLA,https://www.accessdata.fda.gov/drugsatfda_docs/label/2024/761365s000lbl.pdf,https://www.accessdata.fda.gov/scripts/cder/daf/index.cfm?event=overview.process&ApplNo=761365,https://www.fda.gov/drugs/drug-trials-snapshots/drug-trials-snapshots-vyloy,Astellas
2024,Hympavzi,marstacimab-hncq,2024-10-11,To prevent or reduce bleeding episodes related to hemophilia A or B,761369,BLA,https://www.accessdata.fda.gov/drugsatfda_docs/label/2024/761369s000lbl.pdf,https://www.accessdata.fda.gov/scripts/cder/daf/index.cfm?event=overview.process&ApplNo=761369,https://www.fda.gov/drugs/drug-trials-snapshots/drug-trials-snapshots-hympavzi,Pfizer INC
2024,Itovebi,inavolisib,2024-10-10,To treat locally advanced or metastatic breast cancer,219249,NDA,https://www.accessdata.fda.gov/drugsatfda_docs/label/2024/219249s001lbl.pdf,https://www.accessdata.fda.gov/scripts/cder/daf/index.cfm?event=overview.process&ApplNo=219249,https://www.fda.gov/drugs/drug-trials-snapshots/drugs-trials-snapshot-itovebi,Genentech INC
2024,Flyrcado,flurpiridaz F 18,2024-09-27,A radioactive diagnostic drug to evaluate for myocardial ischemia and infarction,215168,NDA,https://www.accessdata.fda.gov/drugsatfda_docs/label/2024/215168s000lbl.pdf,https://www.accessdata.fda.gov/scripts/cder/daf/index.cfm?event=overview.process&ApplNo=215168,https://www.fda.gov/drugs/drug-trials-snapshots/drug-trials-snapshots-flyrcado,Ge Hlthcare
2024,Cobenfy,xanomeline and trospium chloride,2024-09-26,To treat schizophrenia,216158,NDA,https://www.accessdata.fda.gov/drugsatfda_docs/label/2024/216158s000lbl.pdf,https://www.accessdata.fda.gov/scripts/cder/daf/index.cfm?event=overview.process&ApplNo=216158,https://www.fda.gov/drugs/drug-trials-snapshots/drug-trials-snapshot-cobenfy,Bristol-myers
2024,Aqneursa,levacetylleucine,2024-09-24,To treat Niemann-Pick disease type C,219132,NDA,https://www.accessdata.fda.gov/drugsatfda_docs/label/2024/219132s000lbl.pdf,https://www.accessdata.fda.gov/scripts/cder/daf/index.cfm?event=overview.process&ApplNo=219132,https://www.fda.gov/drugs/drug-trials-snapshots/drug-trials-snapshots-aqneursa,Intrabio
2024,Miplyffa,arimoclomol,2024-09-20,To treat Niemann-Pick disease type C,214927,NDA,https://www.accessdata.fda.gov/drugsatfda_docs/label/2024/214927s000lbl.pdf,https://www.accessdata.fda.gov/scripts/cder/daf/index.cfm?event=overview.process&ApplNo=214927,https://www.fda.gov/drugs/drug-trials-snapshots/drug-trials-snapshot-miplyffa,Zevra Denmark
2024,Ebglyss,lebrikizumab-lbkz,2024-09-13,To treat moderate-to-severe atopic dermatitis,761306,BLA,https://www.accessdata.fda.gov/drugsatfda_docs/label/2024/761306Orig1s000correctedlbl.pdf,https://www.accessdata.fda.gov/scripts/cder/daf/index.cfm?event=overview.process&ApplNo=761306,https://www.fda.gov/drugs/drug-trials-snapshots/drug-trials-snapshots-ebglyss,Eli Lilly And CO
2024,Lazcluze,lazertinib,2024-08-19,To treat non-small cell lung cancer,219008,NDA,https://www.accessdata.fda.gov/drugsatfda_docs/label/2024/219008s000lbl.pdf,https://www.accessdata.fda.gov/scripts/cder/daf/index.cfm?event=overview.process&ApplNo=219008,https://www.fda.gov/drugs/drug-trials-snapshots/drug-trials-snapshots-lazcluze,Janssen Biotech
2024,Niktimvo,axatilimab-csfr,2024-08-14,To treat chronic graft-versus-host disease (cGVHD),761411,BLA,https://www.accessdata.fda.gov/drugsatfda_docs/label/2024/761411s000lbl.pdf,https://www.accessdata.fda.gov/scripts/cder/daf/index.cfm?event=overview.process&ApplNo=761411,https://www.fda.gov/drugs/drug-trials-snapshots/drug-trials-snapshot-niktimvo,Incyte CORP
2024,Livdelzi,seladelpar,2024-08-14,To treat primary biliary cholangitis (PBC),217899,NDA,https://www.accessdata.fda.gov/drugsatfda_docs/label/2024/217899s000lbl.pdf,https://www.accessdata.fda.gov/scripts/cder/daf/index.cfm?event=overview.process&ApplNo=217899,https://www.fda.gov/drugs/drug-trials-snapshots/drug-trials-snapshots-livdelzi,Gilead Sciences INC
2024,Nemluvio,nemolizumab-ilto,2024-08-12,To treat prurigo nodularis,761390,BLA,https://www.accessdata.fda.gov/drugsatfda_docs/label/2024/761390s000lbl.pdf,https://www.accessdata.fda.gov/scripts/cder/daf/index.cfm?event=overview.process&ApplNo=761390,https://www.fda.gov/drugs/drug-trials-snapshots/drug-trials-snapshots-nemluvio,Galderma Labs LP
2024,Yorvipath,palopegteriparatide,2024-08-09,To treat hypoparathyroidism,216490,NDA,https://www.accessdata.fda.gov/drugsatfda_docs/label/2024/216490s000lbl.pdf,https://www.accessdata.fda.gov/scripts/cder/daf/index.cfm?event=overview.process&ApplNo=216490,https://www.fda.gov/drugs/drug-trials-snapshots/drug-trials-snapshots-yorvipath,Ascendis Pharma Bone
2024,Voranigo,vorasidenib,2024-08-06,To treat Grade 2 astrocytoma or oligodendroglioma,218784,NDA,https://www.accessdata.fda.gov/drugsatfda_docs/label/2024/218784s000lbl.pdf,https://www.accessdata.fda.gov/scripts/cder/daf/index.cfm?event=overview.process&ApplNo=218784,https://www.fda.gov/drugs/drug-trials-snapshots/drug-trials-snapshots-voranigo,Servier
2024,Leqselvi,deuruxolitinib,2024-07-25,To treat severe alopecia areata,217900,NDA,https://www.accessdata.fda.gov/drugsatfda_docs/label/2024/217900Orig1s000correctedlbl.pdf,https://www.accessdata.fda.gov/scripts/cder/daf/index.cfm?event=overview.process&ApplNo=217900,https://www.fda.gov/drugs/drug-trials-snapshots/drug-trials-snapshots-leqselvi,Sun Pharm Inds INC
2024,Kisunla,donanemab-azbt,2024-07-02,To treat Alzheimer’s disease,761248,BLA,https://www.accessdata.fda.gov/drugsatfda_docs/label/2024/761248s000lbl.pdf,https://www.accessdata.fda.gov/scripts/cder/daf/index.cfm?event=overview.process&ApplNo=761248,https://www.fda.gov/drugs/drug-trials-snapshots/drug-trials-snapshots-kisunla,Eli Lilly CO
2024,Ohtuvayre,ensifentrine,2024-06-26,To treat chronic obstructive pulmonary disease,217389,NDA,https://www.accessdata.fda.gov/drugsatfda_docs/label/2024/217389s000lbl.pdf,https://www.accessdata.fda.gov/scripts/cder/daf/index.cfm?event=overview.process&ApplNo=217389,https://www.fda.gov/drugs/drug-trials-snapshots/drug-trials-snapshots-ohtuvayre,Verona Pharma
2024,Piasky,crovalimab-akkz,2024-06-20,To treat paroxysmal nocturnal hemoglobinuria,761388,BLA,https://www.accessdata.fda.gov/drugsatfda_docs/label/2024/761388s000lbl.pdf,https://www.accessdata.fda.gov/scripts/cder/daf/index.cfm?event=overview.process&ApplNo=761388,https://www.fda.gov/drugs/drug-trials-snapshots/drug-trials-snapshots-piasky,Genentech INC
2024,Sofdra,sofpironium,2024-06-18,To treat primary axillary hyperhidrosis,217347,NDA,https://www.accessdata.fda.gov/drugsatfda_docs/label/2024/217347s000lbl.pdf,https://www.accessdata.fda.gov/scripts/cder/daf/index.cfm?event=overview.process&ApplNo=217347,https://www.fda.gov/drugs/drug-trials-snapshots/drug-trials-snapshots-sofdra,Botanix Sb
2024,Iqirvo,elafibranor,2024-06-10,To treat primary biliary cholangitis in combination with ursodeoxycholic acid,218860,NDA,https://www.accessdata.fda.gov/drugsatfda_docs/label/2024/218860s000lbl.pdf,https://www.accessdata.fda.gov/scripts/cder/daf/index.cfm?event=overview.process&ApplNo=218860,https://www.fda.gov/drugs/drug-trials-snapshots/drug-trials-snapshots-iqirvo,Ipsen
2024,Rytelo,imetelstat,2024-06-06,To treat low- to intermediate-1 risk myelodysplastic syndromes,217779,NDA,https://www.accessdata.fda.gov/drugsatfda_docs/label/2024/217779s000lbl.pdf,https://www.accessdata.fda.gov/scripts/cder/daf/index.cfm?event=overview.process&ApplNo=217779,https://www.fda.gov/drugs/drug-trials-snapshots/drug-trials-snapshots-rytelo,Geron
2024,Imdelltra,tarlatamab-dlle,2024-05-16,To treat extensive stage small cell lung cancer,761344,BLA,https://www.accessdata.fda.gov/drugsatfda_docs/label/2024/761344s000lbl.pdf,https://www.accessdata.fda.gov/scripts/cder/daf/index.cfm?event=overview.process&ApplNo=761344,https://www.fda.gov/drugs/development-approval-process-drugs/drug-trials-snapshots-imdelltra,Amgen INC
2024,Xolremdi,mavorixafor,2024-04-26,"To treat WHIM syndrome (warts, hypogammaglobulinemia, infections and myelokathexis)",218709,NDA,https://www.accessdata.fda.gov/drugsatfda_docs/label/2024/218709s000lbl.pdf,https://www.accessdata.fda.gov/scripts/cder/daf/index.cfm?event=overview.process&ApplNo=218709,https://www.fda.gov/drugs/drug-trials-snapshots/drug-trials-snapshots-xolremdi,X4 Pharms
2024,Ojemda,tovorafenib,2024-04-23,To treat relapsed or refractory pediatric low-grade glioma,218033,NDA,https://www.accessdata.fda.gov/drugsatfda_docs/label/2024/218033s000lbl.pdf,https://www.accessdata.fda.gov/scripts/cder/daf/index.cfm?event=overview.process&ApplNo=218033,https://www.fda.gov/drugs/drug-trials-snapshots/drug-trials-snapshots-ojemda,Day One Biopharms
2024,Anktiva,nogapendekin alfa inbakicept-pmln,2024-04-22,To treat bladder cancer,761336,BLA,https://www.accessdata.fda.gov/drugsatfda_docs/label/2024/761336s000lbl.pdf,https://www.accessdata.fda.gov/scripts/cder/daf/index.cfm?event=overview.process&ApplNo=761336,https://www.fda.gov/drugs/drug-trials-snapshots/drug-trials-snapshots-anktiva,"Altor Bioscience, LLC, An Indirect Wholly-owned Su"
2024,Lumisight,pegulicianine,2024-04-17,To use as an optical imaging agent for the detection of cancerous tissue,214511,NDA,https://www.accessdata.fda.gov/drugsatfda_docs/label/2024/214511s000lbl.pdf,https://www.accessdata.fda.gov/scripts/cder/daf/index.cfm?event=overview.process&ApplNo=214511,https://www.fda.gov/drugs/drug-trials-snapshots/drug-trials-snapshot-lumisight,Lumicell
2024,Zevtera,ceftobiprole medocaril sodium,2024-04-03,"To treat certain bloodstream infections, bacterial skin and associated tissue infections, and community-acquired bacterial pneumonia",218275,NDA,https://www.accessdata.fda.gov/drugsatfda_docs/label/2024/218275s000lbl.pdf,https://www.accessdata.fda.gov/scripts/cder/daf/index.cfm?event=overview.process&ApplNo=218275,https://www.fda.gov/drugs/drug-trials-snapshots/drug-trials-snapshots-zevtera,Istx
2024,Voydeya,danicopan,2024-03-29,To treat extravascular hemolysis with paroxysmal nocturnal hemoglobinuria,218037,NDA,https://www.accessdata.fda.gov/drugsatfda_docs/label/2024/218037s000lbl.pdf,https://www.accessdata.fda.gov/scripts/cder/daf/index.cfm?event=overview.process&ApplNo=218037,https://www.fda.gov/drugs/drug-trials-snapshots/drug-trials-snapshots-voydeya,Alexion Pharms INC
2024,Vafseo,vadadustat,2024-03-27,To treat anemia due to chronic kidney disease,215192,NDA,https://www.accessdata.fda.gov/drugsatfda_docs/label/2024/215192s000lbl.pdf,https://www.accessdata.fda.gov/scripts/cder/daf/index.cfm?event=overview.process&ApplNo=215192,https://www.fda.gov/drugs/drug-trials-snapshots/drug-trials-snapshots-vafseo,Akebia
2024,Winrevair,sotatercept-csrk,2024-03-26,To treat pulmonary arterial hypertension,761363,BLA,https://www.accessdata.fda.gov/drugsatfda_docs/label/2024/761363s000lbl.pdf,https://www.accessdata.fda.gov/scripts/cder/daf/index.cfm?event=overview.process&ApplNo=761363,https://www.fda.gov/drugs/drug-trials-snapshots/drug-trials-snapshots-winrevair,Merck Sharp Dohme
2024,Duvyzat,givinostat,2024-03-21,To treat Duchenne muscular dystrophy in individuals aged 6 years and older,217865,NDA,,https://www.accessdata.fda.gov/scripts/cder/daf/index.cfm?event=overview.process&ApplNo=217865,https://www.fda.gov/drugs/drug-trials-snapshots/drug-trials-snapshots-duvyzat,Italfarmaco SPA
2024,Tryvio,aprocitentan,2024-03-19,To treat hypertension,217686,NDA,https://www.accessdata.fda.gov/drugsatfda_docs/label/2024/217686s000lbl.pdf,https://www.accessdata.fda.gov/scripts/cder/daf/index.cfm?event=overview.process&ApplNo=217686,https://www.fda.gov/drugs/drug-approvals-and-databases/drug-trials-snapshots-tryvio,Idorsia
2024,Rezdiffra,resmetirom,2024-03-14,To treat noncirrhotic non-alcoholic steatohepatitis with moderate to advanced liver scarring,217785,NDA,https://www.accessdata.fda.gov/drugsatfda_docs/label/2024/217785s000lbl.pdf,https://www.accessdata.fda.gov/scripts/cder/daf/index.cfm?event=overview.process&ApplNo=217785,https://www.fda.gov/drugs/drug-trials-snapshots/drug-trials-snapshots-rezdiffra,Madrigal
2024,Tevimbra,tislelizumab-jsgr,2024-03-13,To treat unresectable or metastatic esophageal squamous cell carcinoma,761232,BLA,https://www.accessdata.fda.gov/drugsatfda_docs/label/2024/761232Orig1s000lbl.pdf,https://www.accessdata.fda.gov/scripts/cder/daf/index.cfm?event=overview.process&ApplNo=761232,https://www.fda.gov/drugs/drug-trials-snapshots/drug-trials-snapshots-tevimbra,Beigene
2024,Letybo,letibotulinumtoxinA-wlbg,2024-02-29,To temporarily improve the appearance of moderate-to-severe glabellar lines,761225,BLA,https://www.accessdata.fda.gov/drugsatfda_docs/label/2024/761225s000lbl.pdf,https://www.accessdata.fda.gov/scripts/cder/daf/index.cfm?event=overview.process&ApplNo=761225,https://www.fda.gov/drugs/drug-trials-snapshots/drug-trials-snapshots-letybo,Hugel INC
2024,Exblifep,"cefepime, enmetazobactam",2024-02-22,To treat complicated urinary tract infections,216165,NDA,https://www.accessdata.fda.gov/drugsatfda_docs/label/2024/216165s000lbl.pdf,https://www.accessdata.fda.gov/scripts/cder/daf/index.cfm?event=overview.process&ApplNo=216165,https://www.fda.gov/drugs/drug-trials-snapshots/drug-trials-snapshots-exblifep,Orchid Pharma
2024,Zelsuvmi,berdazimer,2024-01-05,To treat molluscum contagiosum,217424,NDA,https://www.accessdata.fda.gov/drugsatfda_docs/label/2024/217424s000lbl.pdf,https://www.accessdata.fda.gov/scripts/cder/daf/index.cfm?event=overview.process&ApplNo=217424,https://www.fda.gov/drugs/drug-trials-snapshots/drug-trials-snapshots-zelsuvmi,Lnhc
2023,Wainua,eplontersen,2023-12-21,To treat polyneuropathy of hereditary transthyretin-mediated amyloidosis,217388,NDA,https://www.accessdata.fda.gov/drugsatfda_docs/label/2023/217388s000lbl.pdf,https://www.accessdata.fda.gov/scripts/cder/daf/index.cfm?event=overview.process&ApplNo=217388,https://www.fda.gov/drugs/drug-trials-snapshots/drug-trials-snapshots-wainua,Astrazeneca AB
2023,Filsuvez,birch triterpenes,2023-12-18,To treat wounds associated with dystrophic and junctional epidermolysis bullosa,215064,NDA,https://www.accessdata.fda.gov/drugsatfda_docs/label/2023/215064s000lbl.pdf,https://www.accessdata.fda.gov/scripts/cder/daf/index.cfm?event=overview.process&ApplNo=215064,https://www.fda.gov/drugs/drug-trials-snapshots/drug-trials-snapshots-filsuvez,Chiesi
2023,Fabhalta,iptacopan,2023-12-05,To treat paroxysmal nocturnal hemoglobinuria,218276,NDA,https://www.accessdata.fda.gov/drugsatfda_docs/label/2023/218276s000lbl.pdf,https://www.accessdata.fda.gov/scripts/cder/daf/index.cfm?event=overview.process&ApplNo=218276,https://www.fda.gov/drugs/drug-trials-snapshots/drug-trials-snapshot-fabhlata,Novartis
2023,Ogsiveo,nirogacestat,2023-11-27,To treat adults with progressing desmoid tumors who require systemic treatment,217677,NDA,https://www.accessdata.fda.gov/drugsatfda_docs/label/2023/217677s000lbl.pdf,https://www.accessdata.fda.gov/scripts/cder/daf/index.cfm?event=overview.process&ApplNo=217677,https://www.fda.gov/drugs/drug-trials-snapshots/drug-trials-snapshots-ogsiveo,Springworks
2023,Ryzneuta,efbemalenograstim alfa-vuxw,2023-11-16,To treat neutropenia,761134,BLA,https://www.accessdata.fda.gov/drugsatfda_docs/label/2023/761134s000lbl.pdf,https://www.accessdata.fda.gov/scripts/cder/daf/index.cfm?event=overview.process&ApplNo=761134,https://www.fda.gov/drugs/drug-trials-snapshots/drug-trials-snapshots-ryzneuta,Evive Biotechnology
2023,Truqap,capivasertib,2023-11-16,To treat breast cancer that meets certain disease criteria,218197,NDA,https://www.accessdata.fda.gov/drugsatfda_docs/label/2023/218197s000lbl.pdf,https://www.accessdata.fda.gov/scripts/cder/daf/index.cfm?event=overview.process&ApplNo=218197,https://www.fda.gov/drugs/drug-trials-snapshots/drug-trials-snapshots-truqap,Astrazeneca
2023,Defencath,"taurolidine, heparin",2023-11-15,To reduce the incidence of catheter-related bloodstream infections in adults with kidney failure receiving chronic hemodialysis through a central venous catheter,214520,NDA,https://www.accessdata.fda.gov/drugsatfda_docs/label/2023/214520s000lbl.pdf,https://www.accessdata.fda.gov/scripts/cder/daf/index.cfm?event=overview.process&ApplNo=214520,https://www.fda.gov/drugs/drug-trials-snapshots/drug-trials-snapshots-defencath,Cormedix
2023,Augtyro,repotrectinib,2023-11-15,To treat ROS1-positive non-small cell lung cancer,218213,NDA,https://www.accessdata.fda.gov/drugsatfda_docs/label/2023/218213s000lbl.pdf,https://www.accessdata.fda.gov/scripts/cder/daf/index.cfm?event=overview.process&ApplNo=218213,https://www.fda.gov/drugs/drug-trials-snapshots/drug-trials-snapshots-augtyro,Bristol
2023,Fruzaqla,fruquintinib,2023-11-08,"To treat refractory, metastatic colorectal cancer",217564,NDA,https://www.accessdata.fda.gov/drugsatfda_docs/label/2023/217564s000lbl.pdf,https://www.accessdata.fda.gov/scripts/cder/daf/index.cfm?event=overview.process&ApplNo=217564,https://www.fda.gov/drugs/drug-trials-snapshots/drug-trials-snapshots-fruzaqla,Takeda Pharms USA
2023,Loqtorzi,toripalimab-tpzi,2023-10-27,To treat recurrent or metastatic nasopharyngeal carcinoma when used together with or following other therapies,761240,BLA,https://www.accessdata.fda.gov/drugsatfda_docs/label/2023/761240s000lbl.pdf,https://www.accessdata.fda.gov/scripts/cder/daf/index.cfm?event=overview.process&ApplNo=761240,,Coherus Biosciences INC
2023,Agamree,vamorolone,2023-10-26,To treat Duchenne muscular dystrophy,215239,NDA,https://www.accessdata.fda.gov/drugsatfda_docs/label/2023/215239s000lbl.pdf,https://www.accessdata.fda.gov/scripts/cder/daf/index.cfm?event=overview.process&ApplNo=215239,https://www.fda.gov/drugs/drug-trials-snapshots/drug-trials-snapshots-agamree,Catalyst Pharms
2023,Omvoh,mirikizumab-mrkz,2023-10-26,To treat ulcerative colitis,761279,BLA,,https://www.accessdata.fda.gov/scripts/cder/daf/index.cfm?event=overview.process&ApplNo=761279,https://www.fda.gov/drugs/drug-approvals-and-databases/drug-trials-snapshots-omvoh,Eli Lilly And CO
2023,Zilbrysq,zilucoplan,2023-10-17,To treat generalized myasthenia gravis in adults who are anti-acetylcholine receptor (AChR) antibody positive,216834,NDA,https://www.accessdata.fda.gov/drugsatfda_docs/label/2023/216834s000lbl.pdf,https://www.accessdata.fda.gov/scripts/cder/daf/index.cfm?event=overview.process&ApplNo=216834,https://www.fda.gov/drugs/drug-trials-snapshots/drug-trials-snapshots-zilbrysq,Ucb INC
2023,Bimzelx,bimekizumab,2023-10-17,To treat moderate to severe plaque psoriasis in adults who are candidates for systemic therapy or phototherapy,761151,BLA,https://www.accessdata.fda.gov/drugsatfda_docs/label/2023/761151s000lbl.pdf,https://www.accessdata.fda.gov/scripts/cder/daf/index.cfm?event=overview.process&ApplNo=761151,https://www.fda.gov/drugs/drug-trials-snapshots/drug-trials-snapshots-bimzelx,Ucb INC
2023,Velsipity,etrasimod,2023-10-12,To treat moderately to severely active ulcerative colitis in adults,216956,NDA,https://www.accessdata.fda.gov/drugsatfda_docs/label/2023/216956s000lbl.pdf,https://www.accessdata.fda.gov/scripts/cder/daf/index.cfm?event=overview.process&ApplNo=216956,https://www.fda.gov/drugs/drug-trials-snapshots/drug-trials-snapshots-velsipity,Pfizer
2023,Rivfloza,nedosiran,2023-09-29,To lower urinary oxalate levels in patients 9 years and older with primary hyperoxaluria type 1 and relatively preserved kidney function,215842,NDA,https://www.accessdata.fda.gov/drugsatfda_docs/label/2023/215842s000lbl.pdf,https://www.accessdata.fda.gov/scripts/cder/daf/index.cfm?event=overview.process&ApplNo=215842,https://www.fda.gov/drugs/drug-trials-snapshots/drug-trials-snapshots-rivfloza,Novo
2023,Pombiliti,cipaglucosidase alfa-atga,2023-09-28,To treat late-onset Pompe disease,761204,BLA,https://www.accessdata.fda.gov/drugsatfda_docs/label/2023/761204s000lbl.pdf,https://www.accessdata.fda.gov/scripts/cder/daf/index.cfm?event=overview.process&ApplNo=761204,https://www.fda.gov/drugs/drug-trials-snapshots/drug-trials-snapshots-pombiliti,Amicus Therap Us
2023,Exxua,gepirone,2023-09-22,To treat major depressive disorder,021164,NDA,https://www.accessdata.fda.gov/drugsatfda_docs/label/2023/021164s000lbl.pdf,https://www.accessdata.fda.gov/scripts/cder/daf/index.cfm?event=overview.process&ApplNo=021164,https://www.fda.gov/drugs/drug-trials-snapshots/drug-trials-snapshots-exxua,Fabre Kramer
2023,Ojjaara,momelotinib,2023-09-15,To treat intermediate or high-risk myelofibrosis in adults with anemia,216873,NDA,,https://www.accessdata.fda.gov/scripts/cder/daf/index.cfm?event=overview.process&ApplNo=216873,https://www.fda.gov/drugs/drug-trials-snapshots/drug-trials-snapshots-ojjaara,Glaxosmithkline
2023,Aphexda,motixafortide,2023-09-08,To use with filgrastim (G-CSF) to mobilize hematopoietic stem cells to the peripheral blood for collection and subsequent autologous transplantation in patients with multiple myeloma,217159,NDA,,https://www.accessdata.fda.gov/scripts/cder/daf/index.cfm?event=overview.process&ApplNo=217159,https://www.fda.gov/drugs/drug-trials-snapshots/drug-trials-snapshots-aphexda,Ayrmid Pharma
2023,Veopoz,pozelimab-bbfg,2023-08-18,"To treat patients 1 year old and older with CD55-deficient protein-losing enteropathy (PLE), also known as CHAPLE disease",761339,BLA,https://www.accessdata.fda.gov/drugsatfda_docs/label/2023/761339s000lbl.pdf,https://www.accessdata.fda.gov/scripts/cder/daf/index.cfm?event=overview.process&ApplNo=761339,https://www.fda.gov/drugs/drug-trials-snapshots/drug-trials-snapshots-veopoz,Regeneron Pharmaceuticals
2023,Sohonos,palovarotene,2023-08-16,To reduce the volume of new heterotopic ossification in adults and pediatric patients (aged 8 years and older for females and 10 years and older for males) with fibrodysplasia ossificans progressiva,215559,NDA,https://www.accessdata.fda.gov/drugsatfda_docs/label/2023/215559s000lbl.pdf,https://www.accessdata.fda.gov/scripts/cder/daf/index.cfm?event=overview.process&ApplNo=215559,https://www.fda.gov/drugs/drug-trials-snapshots/drug-trials-snapshots-sohonos,Ipsen
2023,Elrexfio,elranatamab-bcmm,2023-08-14,To treat adults with relapsed or refractory multiple myeloma who have received at least four prior lines of therapy,761345,BLA,https://www.accessdata.fda.gov/drugsatfda_docs/label/2023/761345Orig1s000lbl.pdf,https://www.accessdata.fda.gov/scripts/cder/daf/index.cfm?event=overview.process&ApplNo=761345,https://www.fda.gov/drugs/drug-trials-snapshots/drug-trials-snapshots-elrexfio,Pfizer INC
2023,Talvey,talquetamab-tgvs,2023-08-09,To treat adults with relapsed or refractory multiple myeloma who have received at least four prior therapies,761342,BLA,,https://www.accessdata.fda.gov/scripts/cder/daf/index.cfm?event=overview.process&ApplNo=761342,https://www.fda.gov/drugs/drug-trials-snapshots/drug-trials-snapshot-talvey,Janssen Biotech
2023,Zurzuvae,zuranolone,2023-08-04,To treat postpartum depression,217369,NDA,https://www.accessdata.fda.gov/drugsatfda_docs/label/2023/217369s000lbl.pdf,https://www.accessdata.fda.gov/scripts/cder/daf/index.cfm?event=overview.process&ApplNo=217369,https://www.fda.gov/drugs/drug-trials-snapshots/drug-trials-snapshots-zurzuvae,Biogen INC
2023,Izervay,avacincaptad pegol,2023-08-04,To treat geographic atrophy secondary to age-related macular degeneration,217225,NDA,https://www.accessdata.fda.gov/drugsatfda_docs/label/2023/217225s000lbl.pdf,https://www.accessdata.fda.gov/scripts/cder/daf/index.cfm?event=overview.process&ApplNo=217225,https://www.fda.gov/drugs/drug-trials-snapshots/drug-trials-snapshots-izervay,Astellas
2023,Xdemvy,lotilaner,2023-07-25,To treat Demodex blepharitis,217603,NDA,https://www.accessdata.fda.gov/drugsatfda_docs/label/2023/217603s000lbl.pdf,https://www.accessdata.fda.gov/scripts/cder/daf/index.cfm?event=overview.process&ApplNo=217603,https://www.fda.gov/drugs/drug-trials-snapshots/drug-trials-snapshots-xdemvy,Tarsus
2023,Vanflyta,quizartinib,2023-07-20,To use as part of a treatment regimen for newly diagnosed acute myeloid leukemia that meets certain criteria,216993,NDA,https://www.accessdata.fda.gov/drugsatfda_docs/label/2023/216993s000lbl.pdf,https://www.accessdata.fda.gov/scripts/cder/daf/index.cfm?event=overview.process&ApplNo=216993,https://www.fda.gov/drugs/drug-trials-snapshots/drug-trials-snapshots-vanflyta,Daiichi Sankyo INC
2023,Beyfortus,nirsevimab-alip,2023-07-17,To prevent respiratory syncytial virus (RSV) lower respiratory tract disease,761328,BLA,https://www.accessdata.fda.gov/drugsatfda_docs/label/2023/761328s000lbl.pdf,https://www.accessdata.fda.gov/scripts/cder/daf/index.cfm?event=overview.process&ApplNo=761328,https://www.fda.gov/drugs/drug-trials-snapshots/drug-trials-snapshots-beyfortus,Astrazeneca AB
2023,Ngenla,somatrogon-ghla,2023-06-27,To treat growth failure due to inadequate secretion of endogenous growth hormone,761184,BLA,https://www.accessdata.fda.gov/drugsatfda_docs/label/2023/761184Orig1s000Corrected_lbl.pdf,https://www.accessdata.fda.gov/scripts/cder/daf/index.cfm?event=overview.process&ApplNo=761184,https://www.fda.gov/drugs/drug-trials-snapshots/drug-trials-snapshots-ngenla,Pfizer Ireland Pharmaceuticals
2023,Rystiggo,rozanolixizumab-noli,2023-06-26,To treat generalized myasthenia gravis in adults who are anti-acetylcholine receptor- or anti-muscle-specific tyrosine kinase antibody-positive,761286,BLA,https://www.accessdata.fda.gov/drugsatfda_docs/label/2023/761286s000lbl.pdf,https://www.accessdata.fda.gov/scripts/cder/daf/index.cfm?event=overview.process&ApplNo=761286,https://www.fda.gov/drugs/drug-trials-snapshots/drug-trials-snapshots-rystiggo,Ucb INC
2023,Litfulo,ritlecitinib,2023-06-23,To treat severely patchy hair loss,215830,NDA,https://www.accessdata.fda.gov/drugsatfda_docs/label/2023/215830s000lbl.pdf,https://www.accessdata.fda.gov/scripts/cder/daf/index.cfm?event=overview.process&ApplNo=215830,https://www.fda.gov/drugs/development-approval-process-drugs/drug-trials-snapshots-litfulo,Pfizer
2023,Columvi,glofitamab-gxbm,2023-06-15,"To treat diffuse large B-cell lymphoma, not otherwise specified, or large B-cell lymphoma arising from follicular lymphoma after two or more lines of systemic therapy",761309,BLA,https://www.accessdata.fda.gov/drugsatfda_docs/label/2023/761309s000lbl.pdf,https://www.accessdata.fda.gov/scripts/cder/daf/index.cfm?event=overview.process&ApplNo=761309,https://www.fda.gov/drugs/drug-trials-snapshots/drug-trials-snapshots-columvi,Genentech INC
2023,Inpefa,sotagliflozin,2023-05-26,To treat heart failure,216203,NDA,https://www.accessdata.fda.gov/drugsatfda_docs/label/2023/216203s000lbl.pdf,https://www.accessdata.fda.gov/scripts/cder/daf/index.cfm?event=overview.process&ApplNo=216203,https://www.fda.gov/drugs/drug-trials-snapshots/drug-trials-snapshots-inpefa,Lexicon Pharms INC
2023,Paxlovid,"nirmatrelvir, ritonavir",2023-05-25,To treat mild-to-moderate COVID-19 in adults at high risk for progression to severe COVID-19,217188,NDA,https://www.accessdata.fda.gov/drugsatfda_docs/label/2023/217188s000lbl.pdf,https://www.accessdata.fda.gov/scripts/cder/daf/index.cfm?event=overview.process&ApplNo=217188,https://www.fda.gov/drugs/drug-trials-snapshots/drug-trials-snapshots-paxlovid,Pfizer
2023,Posluma,flotufolastat F 18,2023-05-25,To use with positron emission tomography imaging in certain patients with prostate cancer,216023,NDA,https://www.accessdata.fda.gov/drugsatfda_docs/label/2023/216023s000lbl.pdf,https://www.accessdata.fda.gov/scripts/cder/daf/index.cfm?event=overview.process&ApplNo=216023,https://www.fda.gov/drugs/drug-trials-snapshots/drug-trials-snapshot-posluma,Blue Earth
2023,Xacduro,"sulbactam, durlobactam",2023-05-23,To treat hospital-acquired bacterial pneumonia and ventilator-associated bacterial pneumonia caused by susceptible isolates of Acinetobacter baumannii-calcoaceticus complex,216974,NDA,https://www.accessdata.fda.gov/drugsatfda_docs/label/2023/216974Orig1s000Correctedlbl.pdf,https://www.accessdata.fda.gov/scripts/cder/daf/index.cfm?event=overview.process&ApplNo=216974,https://www.fda.gov/drugs/drug-trials-snapshots/drug-trials-snapshots-xacduro,Entasis Therap
2023,Epkinly,epcoritamab-bysp,2023-05-19,To treat relapsed or refractory diffuse large B-cell lymphoma (not otherwise specified) and high-grade B-cell lymphoma after two or more lines of systemic therapy,761324,BLA,https://www.accessdata.fda.gov/drugsatfda_docs/label/2023/761324s000lbl.pdf,https://www.accessdata.fda.gov/scripts/cder/daf/index.cfm?event=overview.process&ApplNo=761324,,"Genmab Us, INC."
2023,Miebo,perfluorhexyloctane,2023-05-18,To treat signs and symptoms of dry eye disease,216675,NDA,https://www.accessdata.fda.gov/drugsatfda_docs/label/2023/216675s000lbl.pdf,https://www.accessdata.fda.gov/scripts/cder/daf/index.cfm?event=overview.process&ApplNo=216675,https://www.fda.gov/drugs/drug-trials-snapshots/drug-trials-snapshot-miebo,Bausch And Lomb INC
2023,Veozah,fezolinetant,2023-05-12,To treat moderate to severe hot flashes caused by menopause,216578,NDA,https://www.accessdata.fda.gov/drugsatfda_docs/label/2023/216578s000lbl.pdf,https://www.accessdata.fda.gov/scripts/cder/daf/index.cfm?event=overview.process&ApplNo=216578,https://www.fda.gov/drugs/drug-trials-snapshots/drug-trials-snapshots-veozah,Astellas
2023,Elfabrio,pegunigalsidase alfa-iwxj,2023-05-09,To treat confirmed Fabry disease,761161,BLA,https://www.accessdata.fda.gov/drugsatfda_docs/label/2023/761161s000lbl.pdf,https://www.accessdata.fda.gov/scripts/cder/daf/index.cfm?event=overview.process&ApplNo=761161,https://www.fda.gov/drugs/drug-trials-snapshots/drug-trials-snapshots-elfabrio,Chiesi Farmaceutici SPA
2023,Qalsody,tofersen,2023-04-25,To treat amyotrophic lateral sclerosis in adults who have a SOD1 gene mutation,215887,NDA,https://www.accessdata.fda.gov/drugsatfda_docs/label/2023/215887s000lbl.pdf,https://www.accessdata.fda.gov/scripts/cder/daf/index.cfm?event=overview.process&ApplNo=215887,https://www.fda.gov/drugs/drug-trials-snapshots/drug-trials-snapshots-qalsody,Biogen Ma
2023,Joenja,leniolisib,2023-03-24,To treat activated phosphoinositide 3-kinase delta syndrome,217759,NDA,,https://www.accessdata.fda.gov/scripts/cder/daf/index.cfm?event=overview.process&ApplNo=217759,https://www.fda.gov/drugs/drug-trials-snapshots/drug-trials-snapshots-joenja,Pharming
2023,Zynyz,retifanlimab-dlwr,2023-03-22,To treat metastatic or recurrent locally advanced Merkel cell carcinoma,761334,BLA,https://www.accessdata.fda.gov/drugsatfda_docs/label/2023/761334s000lbl.pdf,https://www.accessdata.fda.gov/scripts/cder/daf/index.cfm?event=overview.process&ApplNo=761334,https://www.fda.gov/drugs/drug-approvals-and-databases/drug-trials-snapshots-zynyz,Incyte CORP
2023,Rezzayo,rezafungin,2023-03-22,To treat candidemia and invasive candidiasis,217417,NDA,https://www.accessdata.fda.gov/drugsatfda_docs/label/2023/217417s000lbl.pdf,https://www.accessdata.fda.gov/scripts/cder/daf/index.cfm?event=overview.process&ApplNo=217417,https://www.fda.gov/drugs/drug-trials-snapshots/drug-trials-snapshots-rezzayo,Mundipharma
2023,Daybue,trofinetide,2023-03-10,To treat Rett syndrome,217026,NDA,https://www.accessdata.fda.gov/drugsatfda_docs/label/2023/217026s000lbl.pdf,https://www.accessdata.fda.gov/scripts/cder/daf/index.cfm?event=overview.process&ApplNo=217026,https://www.fda.gov/drugs/drug-trials-snapshots/drug-trials-snapshots-daybue,Acadia Pharms INC
2023,Zavzpret,zavegepant,2023-03-09,To treat migraine,216386,NDA,https://www.accessdata.fda.gov/drugsatfda_docs/label/2023/216386s000lbl.pdf,https://www.accessdata.fda.gov/scripts/cder/daf/index.cfm?event=overview.process&ApplNo=216386,https://www.fda.gov/drugs/drug-trials-snapshots/drug-trials-snapshots-zavzpret,Pfizer
2023,Skyclarys,omaveloxolone,2023-02-28,To treat Friedrich’s ataxia,216718,NDA,https://www.accessdata.fda.gov/drugsatfda_docs/label/2023/216718Orig1s000lbl.pdf,https://www.accessdata.fda.gov/scripts/cder/daf/index.cfm?event=overview.process&ApplNo=216718,https://www.fda.gov/drugs/drug-trials-snapshots/drug-trials-snapshots-skyclarys,Biogen Us
2023,Filspari,sparsentan,2023-02-17,To reduce proteinuria in adults with primary immunoglobulin A nephropathy at risk of rapid disease progression,216403,NDA,https://www.accessdata.fda.gov/drugsatfda_docs/label/2023/216403s000lbl.pdf,https://www.accessdata.fda.gov/scripts/cder/daf/index.cfm?event=overview.process&ApplNo=216403,https://www.fda.gov/drugs/drug-trials-snapshots-filspari,Travere
2023,Lamzede,velmanase alfa-tycv,2023-02-16,To treat non-central nervous system manifestations of alpha-mannosidosis,761278,BLA,,https://www.accessdata.fda.gov/scripts/cder/daf/index.cfm?event=overview.process&ApplNo=761278,https://www.fda.gov/drugs/drug-approvals-and-databases/drug-trials-snapshots-lamzede,Chiesi Farmaceutici SPA
2023,Jesduvroq,daprodustat,2023-02-01,To treat anemia caused by chronic kidney disease for adults on dialysis for at least four months,216951,NDA,https://www.accessdata.fda.gov/drugsatfda_docs/label/2023/216951s000lbl.pdf,https://www.accessdata.fda.gov/scripts/cder/daf/index.cfm?event=overview.process&ApplNo=216951,https://www.fda.gov/drugs/drug-approvals-and-databases/drug-trials-snapshots-jesduvroq,Glaxosmithkline
2023,Jaypirca,pirtobrutinib,2023-01-27,"To treat relapsed or refractory mantle cell lymphoma in adults who have had at least two lines of systemic therapy, including a BTK inhibitor",216059,NDA,https://www.accessdata.fda.gov/drugsatfda_docs/label/2023/216059Orig1s000Corrected_lbl.pdf,https://www.accessdata.fda.gov/scripts/cder/daf/index.cfm?event=overview.process&ApplNo=216059,https://www.fda.gov/drugs/drug-trials-snapshots/drug-trials-snapshots-jaypirca,Loxo Oncol
2023,Orserdu,elacestrant,2023-01-27,"To treat estrogen receptor-positive, human epidermal growth factor receptor 2-negative, ESR1-mutated, advanced or metastatic breast cancer with disease progression following at least one line of endocrine therapy",217639,NDA,https://www.accessdata.fda.gov/drugsatfda_docs/label/2023/217639s000lbl.pdf,https://www.accessdata.fda.gov/scripts/cder/daf/index.cfm?event=overview.process&ApplNo=217639,https://www.fda.gov/drugs/drug-trials-snapshots/drug-trials-snapshots-orserdu,Stemline Therap
2023,Brenzavvy,bexagliflozin,2023-01-20,To improve glycemic control in adults with type 2 diabetes mellitus as an adjunct to diet and exercise,214373,NDA,https://www.accessdata.fda.gov/drugsatfda_docs/label/2023/214373s000lbl.pdf,https://www.accessdata.fda.gov/scripts/cder/daf/index.cfm?event=overview.process&ApplNo=214373,https://www.fda.gov/drugs/drug-trials-snapshots/drug-trials-snapshots-brenzavvy,Theracosbio
2023,Leqembi,lecanemab-irmb,2023-01-06,To treat Alzheimer’s disease,761269,BLA,https://www.accessdata.fda.gov/drugsatfda_docs/label/2023/761269Orig1s000lbl.pdf,https://www.accessdata.fda.gov/scripts/cder/daf/index.cfm?event=overview.process&ApplNo=761269,https://www.fda.gov/drugs/drug-trials-snapshots/drug-trials-snapshots-leqembi,Eisai INC
2022,NexoBrid,anacaulase-bcdb,2022-12-28,To remove eschar in adults with deep partial thickness or full thickness thermal burns,761192,BLA,https://www.accessdata.fda.gov/drugsatfda_docs/label/2023/761192s000lbl.pdf,https://www.accessdata.fda.gov/scripts/cder/daf/index.cfm?event=overview.process&ApplNo=761192,https://www.fda.gov/drugs/drug-trials-snapshots/drug-trials-snapshot-nexobrid,"Mediwound, LTD"
2022,Briumvi,ublituximab-xiiy,2022-12-28,To treat relapsing forms of multiple sclerosis,761238,BLA,https://www.accessdata.fda.gov/drugsatfda_docs/label/2022/761238s000lbl.pdf,https://www.accessdata.fda.gov/scripts/cder/daf/index.cfm?event=overview.process&ApplNo=761238,https://www.fda.gov/drugs/drug-trials-snapshots/drug-trials-snapshots-briumvi,"Tg Therapeutics, INC"
2022,Xenoview,hyperpolarized Xe-129,2022-12-23,To evaluate pulmonary function and imaging,214375,NDA,https://www.accessdata.fda.gov/drugsatfda_docs/label/2022/214375s000lbl.pdf,https://www.accessdata.fda.gov/scripts/cder/daf/index.cfm?event=overview.process&ApplNo=214375,https://www.fda.gov/drugs/drug-trials-snapshots/drug-trials-snapshots-xenoview,Polarean
2022,Lunsumio,mosunetuzumab-axgb,2022-12-22,"To treat adults with relapsed or refractory follicular lymphoma, a type of non-Hodgkin lymphoma",761263,BLA,https://www.accessdata.fda.gov/drugsatfda_docs/label/2022/761263s000lbl.pdf,https://www.accessdata.fda.gov/scripts/cder/daf/index.cfm?event=overview.process&ApplNo=761263,https://www.fda.gov/drugs/drug-trials-snapshots/drug-trials-snapshot-lunsumio,Genentech INC
2022,Sunlenca,lenacapavir,2022-12-22,"To treat adults with HIV whose HIV infections cannot be successfully treated with other available treatments due to resistance, intolerance, or safety considerations",215973,NDA,https://www.accessdata.fda.gov/drugsatfda_docs/label/2022/215973s000lbl.pdf,https://www.accessdata.fda.gov/scripts/cder/daf/index.cfm?event=overview.process&ApplNo=215973,https://www.fda.gov/drugs/drug-trials-snapshots/drug-trials-snapshots-sunlenca,Gilead Sciences INC
2022,Krazati,adagrasib,2022-12-12,To treat KRAS G12C-mutated locally advanced or metastatic non-small cell lung cancer in adults who have received at least one prior systemic therapy,216340,NDA,https://www.accessdata.fda.gov/drugsatfda_docs/label/2022/216340s000lbl.pdf,https://www.accessdata.fda.gov/scripts/cder/daf/index.cfm?event=overview.process&ApplNo=216340,https://www.fda.gov/drugs/drug-trials-snapshots/drug-trials-snapshots-krazati,Bristol
2022,Rezlidhia,olutasidenib,2022-12-01,To treat adults with relapsed or refractory acute myeloid leukemia with a susceptible isocitrate dehydrogenase-1 (IDH1) mutation,215814,NDA,https://www.accessdata.fda.gov/drugsatfda_docs/label/2022/215814s000lbl.pdf,https://www.accessdata.fda.gov/scripts/cder/daf/index.cfm?event=overview.process&ApplNo=215814,https://www.fda.gov/drugs/drug-trials-snapshots/drug-trials-snapshots-rezlidhia,Rigel Pharms
2022,Elahere,mirvetuximab soravtansine-gynx,2022-11-14,To treat patients with recurrent ovarian cancer that is resistant to platinum therapy,761310,BLA,https://www.accessdata.fda.gov/drugsatfda_docs/label/2022/761310s000lbl.pdf,https://www.accessdata.fda.gov/scripts/cder/daf/index.cfm?event=overview.process&ApplNo=761310,https://www.fda.gov/drugs/drug-trials-snapshots/drug-trial-snapshots-elahere,Immunogen INC
2022,Tecvayli,teclistamab-cqyv,2022-10-25,To treat relapsed or refractory multiple myeloma among adults who have received at least four specific lines of therapy,761291,BLA,https://www.accessdata.fda.gov/drugsatfda_docs/label/2022/761291s000lbl.pdf,https://www.accessdata.fda.gov/scripts/cder/daf/index.cfm?event=overview.process&ApplNo=761291,https://www.fda.gov/drugs/drug-trials-snapshots/drug-trials-snapshots-tecvayli,Janssen Biotech
2022,Imjudo,tremelimumab,2022-10-21,To treat unresectable hepatocellular carcinoma,761289,BLA,https://www.accessdata.fda.gov/drugsatfda_docs/label/2022/761289s001lbl.pdf,https://www.accessdata.fda.gov/scripts/cder/daf/index.cfm?event=overview.process&ApplNo=761289,https://www.fda.gov/drugs/drug-trials-snapshots/drug-trials-snapshots-imjudo,Astrazeneca AB
2022,Lytgobi,futibatinib,2022-09-30,To treat intrahepatic cholangiocarcinoma harboring fibroblast growth factor receptor 2 (FGFR2) gene fusions or other rearrangements,214801,NDA,https://www.accessdata.fda.gov/drugsatfda_docs/label/2022/214801Orig1s000lbledt.pdf,https://www.accessdata.fda.gov/scripts/cder/daf/index.cfm?event=overview.process&ApplNo=214801,https://www.fda.gov/drugs/drug-trials-snapshots/drug-trials-snapshot-lytgobi,Taiho Oncology
2022,Relyvrio,sodium phenylbutyrate/taurursodiol,2022-09-29,To treat amyotrophic lateral sclerosis (ALS),216660,NDA,https://www.accessdata.fda.gov/drugsatfda_docs/label/2022/216660s000lbledt.pdf,https://www.accessdata.fda.gov/scripts/cder/daf/index.cfm?event=overview.process&ApplNo=216660,https://www.fda.gov/drugs/drug-trials-snapshots/drug-trials-snapshots-relyvrio,Amylyx
2022,Omlonti,oomidenepag isopropyl ophthalmic solution,2022-09-22,To reduce elevated intraocular pressure in patients with open‑angle glaucoma or ocular hypertension,215092,NDA,https://www.accessdata.fda.gov/drugsatfda_docs/label/2022/215092s000lbl.pdf,https://www.accessdata.fda.gov/scripts/cder/daf/index.cfm?event=overview.process&ApplNo=215092,https://www.fda.gov/drugs/drug-trials-snapshots/drug-trials-snapshot-omlonti,Ocuvex Therap
2022,Elucirem,gadopiclenol,2022-09-21,"To detect and visualize lesions, together with MRI, with abnormal vascularity in the central nervous system and the body",216986,NDA,https://www.accessdata.fda.gov/drugsatfda_docs/label/2022/216986s000lbl.pdf,https://www.accessdata.fda.gov/scripts/cder/daf/index.cfm?event=overview.process&ApplNo=216986,https://www.fda.gov/drugs/drug-trials-snapshots/drug-trials-snapshots-elucirem,Guerbet
2022,Terlivaz,terlipressin,2022-09-14,To improve kidney function in adults with hepatorenal syndrome with rapid reduction in kidney function,022231,NDA,https://www.accessdata.fda.gov/drugsatfda_docs/label/2022/022231s000lbl.pdf,https://www.accessdata.fda.gov/scripts/cder/daf/index.cfm?event=overview.process&ApplNo=022231,https://www.fda.gov/drugs/drug-trials-snapshots/drug-trials-snapshots-terlivaz,Mallinckrodt Ireland
2022,Rolvedon,eflapegrastim,2022-09-09,To decrease the incidence of infection in patients with non-myeloid malignancies receiving myelosuppressive anti-cancer drugs associated with clinically significant incidence of febrile neutropenia,761148,BLA,https://www.accessdata.fda.gov/drugsatfda_docs/label/2022/761148Orig1s000Corrected_lbl.pdf,https://www.accessdata.fda.gov/scripts/cder/daf/index.cfm?event=overview.process&ApplNo=761148,https://www.fda.gov/drugs/drug-trials-snapshots/drug-trials-snapshots-rolvedon,Spectrum Pharms
2022,Sotyktu,deucravacitinib,2022-09-09,To treat moderate-to-severe plaque psoriasis,214958,NDA,https://www.accessdata.fda.gov/drugsatfda_docs/label/2022/214958s000lbl.pdf,https://www.accessdata.fda.gov/scripts/cder/daf/index.cfm?event=overview.process&ApplNo=214958,https://www.fda.gov/drugs/drug-trials-snapshots/drug-trials-snapshots-sotyktu,Bristol
2022,Daxxify,daxibotulinumtoixnA-lanm,2022-09-07,To treat moderate-to-severe glabellar lines associated with corrugator and/or procerus muscle activity,761127,BLA,https://www.accessdata.fda.gov/drugsatfda_docs/label/2022/761127s000lbl.pdf,https://www.accessdata.fda.gov/scripts/cder/daf/index.cfm?event=overview.process&ApplNo=761127,https://www.fda.gov/drugs/drug-trials-snapshots/drug-trials-snapshot-daxxify,"Revance Therapeutics, INC."
2022,Spevigo,spesolimab-sbzo,2022-09-01,To treat generalized pustular psoriasis flares,761244,BLA,https://www.accessdata.fda.gov/drugsatfda_docs/label/2022/761244s000lbl.pdf,https://www.accessdata.fda.gov/scripts/cder/daf/index.cfm?event=overview.process&ApplNo=761244,https://www.fda.gov/drugs/drug-trials-snapshots/drug-trials-snapshots-spevigo,Boehringer Ingelheim Pharmaceuticals INC
2022,Xenpozyme,Olipudase alfa,2022-08-31,To treat Acid Sphingomyelinase Deficiency,761261,BLA,https://www.accessdata.fda.gov/drugsatfda_docs/label/2022/761261s000lbl.pdf,https://www.accessdata.fda.gov/scripts/cder/daf/index.cfm?event=overview.process&ApplNo=761261,https://www.fda.gov/drugs/drug-trials-snapshots/drug-trials-snapshots-xenpozyme,Genzyme CORP
2022,Amvuttra,vutrisiran,2022-06-13,To treat polyneuropathy of hereditary transthyretin-mediated amyloidosis,215515,NDA,https://www.accessdata.fda.gov/drugsatfda_docs/label/2022/215515s000lbl.pdf,https://www.accessdata.fda.gov/scripts/cder/daf/index.cfm?event=overview.process&ApplNo=215515,https://www.fda.gov/drugs/drug-trials-snapshots/drug-trial-snapshots-amvuttra,Alnylam Pharms INC
2022,Vtama,tapinarof,2022-05-23,To treat plaque psoriasis,215272,NDA,https://www.accessdata.fda.gov/drugsatfda_docs/label/2022/215272s000lbl.pdf,https://www.accessdata.fda.gov/scripts/cder/daf/index.cfm?event=overview.process&ApplNo=215272,https://www.fda.gov/drugs/drug-trials-snapshots/drug-trials-snapshots-vtama,Organon LLC
2022,Mounjaro,tirzepatide,2022-05-13,"To improve blood sugar control in diabetes, in addition to diet and exercise",215866,NDA,,https://www.accessdata.fda.gov/scripts/cder/daf/index.cfm?event=overview.process&ApplNo=215866,https://www.fda.gov/drugs/drug-trials-snapshots/drug-trials-snapshots-mounjaro,Eli Lilly And CO
2022,Voquezna,"vonoprazan, amoxicillin, and clarithromycin",2022-05-03,To treat Helicobacter pylori infection,215152,NDA,,https://www.accessdata.fda.gov/scripts/cder/daf/index.cfm?event=overview.process&ApplNo=215152,https://www.fda.gov/drugs/drug-trials-snapshots/drug-trials-snapshots-voquezna-triple-pak-voquezna-dual-pak,Phathom
2022,Camzyos,mavacamten,2022-04-28,To treat certain classes of obstructive hypertrophic cardiomyopathy,214998,NDA,https://www.accessdata.fda.gov/drugsatfda_docs/label/2022/214998s000lbl.pdf,https://www.accessdata.fda.gov/scripts/cder/daf/index.cfm?event=overview.process&ApplNo=214998,https://www.fda.gov/drugs/drug-trials-snapshots/drug-trials-snapshots-camzyos,Bristol
2022,Vivjoa,oteseconazole,2022-04-26,To reduce the incidence of recurrent vulvovaginal candidiasis (RVVC) in females with a history of RVVC who are not of reproductive potential,215888,NDA,https://www.accessdata.fda.gov/drugsatfda_docs/label/2022/215888s000lbl.pdf,https://www.accessdata.fda.gov/scripts/cder/daf/index.cfm?event=overview.process&ApplNo=215888,https://www.fda.gov/drugs/drug-trials-snapshots/drug-trials-snapshots-vivjoa,Mycovia Pharms
2022,Pluvicto,lutetium (177Lu) vipivotide tetraxetan,2022-03-23,To treat prostate-specific membrane antigen-positive metastatic castration-resistant prostate cancer following other therapies,215833,NDA,,https://www.accessdata.fda.gov/scripts/cder/daf/index.cfm?event=overview.process&ApplNo=215833,https://www.fda.gov/drugs/drug-trials-snapshots/drug-trials-snapshots-pluvicto,Novartis
2022,Opdualag,nivolumab and relatlimab-rmbw,2022-03-18,To treat unresectable or metastatic melanoma,761234,BLA,https://www.accessdata.fda.gov/drugsatfda_docs/label/2022/761234s000lbl.pdf,https://www.accessdata.fda.gov/scripts/cder/daf/index.cfm?event=overview.process&ApplNo=761234,https://www.fda.gov/drugs/drug-trials-snapshots/drug-trials-snapshot-opdualag,Bristol Myers Squibb
2022,Ztalmy,ganaxolone,2022-03-18,To treat seizures in cyclin-dependent kinase-like 5 deficiency disorder,215904,NDA,https://www.accessdata.fda.gov/drugsatfda_docs/label/2022/215904s000lbl.pdf,https://www.accessdata.fda.gov/scripts/cder/daf/index.cfm?event=overview.process&ApplNo=215904,https://www.fda.gov/drugs/drug-trials-snapshots/drug-trials-snapshots-ztalmy,Immedica Pharma
2022,Vonjo,pacritinib,2022-02-28,To treat intermediate or high-risk primary or secondary myelofibrosis in adults with low platelets,208712,NDA,https://www.accessdata.fda.gov/drugsatfda_docs/label/2022/208712s000lbl.pdf,https://www.accessdata.fda.gov/scripts/cder/daf/index.cfm?event=overview.process&ApplNo=208712,,Sobi
2022,Pyrukynd,mitapivat,2022-02-17,To treat hemolytic anemia in pyruvate kinase deficiency,216196,NDA,https://www.accessdata.fda.gov/drugsatfda_docs/label/2022/216196s000lbl.pdf,https://www.accessdata.fda.gov/scripts/cder/daf/index.cfm?event=overview.process&ApplNo=216196,https://www.fda.gov/drugs/drug-trials-snapshots/drug-trials-snapshot-pyrukynd,Agios Pharms INC
2022,Enjaymo,sutimlimab-jome,2022-02-04,To decrease the need for red blood cell transfusion due to hemolysis in cold agglutinin disease,761164,BLA,,https://www.accessdata.fda.gov/scripts/cder/daf/index.cfm?event=overview.process&ApplNo=761164,https://www.fda.gov/drugs/drug-trials-snapshots/drug-trials-snapshots-enjaymo,"Recordati Rare Diseases, INC."
2022,Vabysmo,faricimab-svoa,2022-01-28,To treat neovascular (wet) aged-related macular degeneration and diabetic macular edema,761235,BLA,https://www.accessdata.fda.gov/drugsatfda_docs/label/2022/761235s000lbl.pdf,https://www.accessdata.fda.gov/scripts/cder/daf/index.cfm?event=overview.process&ApplNo=761235,https://www.fda.gov/drugs/drug-trials-snapshots/drug-trials-snapshots-vabysmo,Genentech INC
2022,Kimmtrak,tebentafusp-tebn,2022-01-25,To treat unresectable or metastatic uveal melanoma,761228,BLA,https://www.accessdata.fda.gov/drugsatfda_docs/label/2022/761228s000lbl.pdf,https://www.accessdata.fda.gov/scripts/cder/daf/index.cfm?event=overview.process&ApplNo=761228,https://www.fda.gov/drugs/drug-trials-snapshots/drug-trials-snapshots-kimmtrak,Immunocore LTD
2022,Cibinqo,abrocitinib,2022-01-14,"To treat refractory, moderate-to-severe atopic dermatitis",213871,NDA,,https://www.accessdata.fda.gov/scripts/cder/daf/index.cfm?event=overview.process&ApplNo=213871,https://www.fda.gov/drugs/drug-trials-snapshots/drug-trials-snapshot-cibinqo,Pfizer
2022,Quviviq,daridorexant,2022-01-07,To treat insomnia,214985,NDA,https://www.accessdata.fda.gov/drugsatfda_docs/label/2022/214985s000lbl.pdf,https://www.accessdata.fda.gov/scripts/cder/daf/index.cfm?event=overview.process&ApplNo=214985,https://www.fda.gov/drugs/drug-trials-snapshots/drug-trials-snapshots-quviviq,Idorsia
2022,Tzield,teplizumab-mzwv,,To delay the onset of stage 3 type 1 diabetes,761183,BLA,https://www.accessdata.fda.gov/drugsatfda_docs/label/2022/761183s000lbl.pdf,https://www.accessdata.fda.gov/scripts/cder/daf/index.cfm?event=overview.process&ApplNo=761183,https://www.fda.gov/drugs/drug-trials-snapshots/drug-trials-snapshots-tzield,Provention Bio INC
2021,Adbry,tralokinumab-ldrm,2021-12-27,To treat moderate-to-severe atopic dermatitis,761180,BLA,,https://www.accessdata.fda.gov/scripts/cder/daf/index.cfm?event=overview.process&ApplNo=761180,https://www.fda.gov/node/407480,Leo Pharma AS
2021,Leqvio,inclisiran,2021-12-22,To treat heterozygous familial hypercholesterolemia or clinical atherosclerotic cardiovascular disease as an add-on therapy,214012,NDA,,https://www.accessdata.fda.gov/scripts/cder/daf/index.cfm?event=overview.process&ApplNo=214012,https://www.fda.gov/node/406884,Novartis
2021,Vyvgart,efgartigimod alfa-fcab,2021-12-17,To treat generalized myasthenia gravis,761195,BLA,,https://www.accessdata.fda.gov/scripts/cder/daf/index.cfm?event=overview.process&ApplNo=761195,https://www.fda.gov/node/405988,Argenx BV
2021,Tezspire,tezepelumab-ekko,2021-12-17,To treat severe asthma as an add-on maintenance therapy,761224,BLA,,https://www.accessdata.fda.gov/scripts/cder/daf/index.cfm?event=overview.process&ApplNo=761224,https://www.fda.gov/node/406022,Astrazeneca AB
2021,Cytalux,pafolacianine,2021-11-29,To help identify ovarian cancer lesions,214907,NDA,,https://www.accessdata.fda.gov/scripts/cder/daf/index.cfm?event=overview.process&ApplNo=214907,https://www.fda.gov/node/407783,On Target Labs
2021,Livtencity,maribavir,2021-11-23,To treat post-transplant cytomegalovirus (CMV) infection/disease that does not respond (with or without genetic mutations that cause resistance) to available antiviral treatment for CMV,215596,NDA,,https://www.accessdata.fda.gov/scripts/cder/daf/index.cfm?event=overview.process&ApplNo=215596,https://www.fda.gov/node/407484,Takeda Pharms USA
2021,Voxzogo,vosoritide,2021-11-19,To improve growth in children five years of age and older with achondroplasia and open epiphyses,214938,NDA,,https://www.accessdata.fda.gov/scripts/cder/daf/index.cfm?event=overview.process&ApplNo=214938,https://www.fda.gov/node/405983,Biomarin Pharm
2021,Besremi,ropeginterferon alfa-2b-njft,2021-11-12,"To treat polycythemia vera, a blood disease that causes the overproduction of red blood cells",761166,BLA,,https://www.accessdata.fda.gov/scripts/cder/daf/index.cfm?event=overview.process&ApplNo=761166,https://www.fda.gov/node/407242,Pharmaessentia CORP
2021,Scemblix,asciminib,2021-10-29,To treat Philadelphia chromosome-positive chronic myeloid leukemia with disease that meets certain criteria,215358,NDA,https://www.accessdata.fda.gov/drugsatfda_docs/label/2021/215358s000Orig1lbl.pdf,https://www.accessdata.fda.gov/scripts/cder/daf/index.cfm?event=overview.process&ApplNo=215358,https://www.fda.gov/node/406030,Novartis
2021,Tavneos,avacopan,2021-10-07,"To treat severe active anti-neutrophil cytoplasmic autoantibody-associated vasculitis (granulomatosis with polyangiitis and microscopic polyangiitis) in combination with standard therapy, including glucocorticoids",214487,NDA,,https://www.accessdata.fda.gov/scripts/cder/daf/index.cfm?event=overview.process&ApplNo=214487,https://www.fda.gov/node/406711,Chemocentryx
2021,Livmarli,maralixibat,2021-09-29,To treat cholestatic pruritus associated with Alagille syndrome,214662,NDA,,https://www.accessdata.fda.gov/scripts/cder/daf/index.cfm?event=overview.process&ApplNo=214662,https://www.fda.gov/node/407612,Mirum
2021,Qulipta,atogepant,2021-09-28,To prevent episodic migraines,215206,NDA,,https://www.accessdata.fda.gov/scripts/cder/daf/index.cfm?event=overview.process&ApplNo=215206,https://www.fda.gov/node/406952,Abbvie
2021,Tivdak,tisotumab vedotin-tftv,2021-09-20,To treat recurrent or metastatic cervical cancer with disease progression on or after chemotherapy,761208,BLA,,https://www.accessdata.fda.gov/scripts/cder/daf/index.cfm?event=overview.process&ApplNo=761208,https://www.fda.gov/node/407478,Seagen
2021,Exkivity,mobocertinib,2021-09-15,To treat locally advanced or metastatic non-small cell lung cancer with epidermal growth factor receptor exon 20 insertion mutations,215310,NDA,https://www.accessdata.fda.gov/drugsatfda_docs/label/2021/215310s000lbl.pdf,https://www.accessdata.fda.gov/scripts/cder/daf/index.cfm?event=overview.process&ApplNo=215310,https://www.fda.gov/node/406933,Takeda Pharms USA
2021,Skytrofa,lonapegsomatropin-tcgd,2021-08-25,To treat short stature due to inadequate secretion of endogenous growth hormone,761177,BLA,,https://www.accessdata.fda.gov/scripts/cder/daf/index.cfm?event=overview.process&ApplNo=761177,https://www.fda.gov/node/406956,Ascendis Pharma Encocrinology Div A/S
2021,Korsuva,difelikefalin,2021-08-23,To treat moderate-to-severe pruritus associated with chronic kidney disease in certain populations,214916,NDA,,https://www.accessdata.fda.gov/scripts/cder/daf/index.cfm?event=overview.process&ApplNo=214916,https://www.fda.gov/node/407462,Vifor Intl
2021,Welireg,belzutifan,2021-08-13,To treat von Hippel-Lindau disease under certain conditions,215383,NDA,,https://www.accessdata.fda.gov/scripts/cder/daf/index.cfm?event=overview.process&ApplNo=215383,https://www.fda.gov/node/407452,Merck Sharp Dohme
2021,Nexviazyme,avalglucosidase alfa-ngpt,2021-08-06,To treat late-onset Pompe disease,761194,BLA,,https://www.accessdata.fda.gov/scripts/cder/daf/index.cfm?event=overview.process&ApplNo=761194,https://www.fda.gov/node/406077,Genzyme CORP
2021,Saphnelo,anifrolumab-fnia,2021-07-30,To treat moderate-to severe systemic lupus erythematousus along with standard therapy,761123,BLA,https://www.accessdata.fda.gov/drugsatfda_docs/label/2021/761123s000lbl.pdf,https://www.accessdata.fda.gov/scripts/cder/daf/index.cfm?event=overview.process&ApplNo=761123,https://www.fda.gov/node/406670,Astrazeneca AB
2021,Bylvay,odevixibat,2021-07-20,To treat pruritus,215498,NDA,,https://www.accessdata.fda.gov/scripts/cder/daf/index.cfm?event=overview.process&ApplNo=215498,https://www.fda.gov/node/407592,Ipsen
2021,Rezurock,belumosudil,2021-07-16,To treat chronic graft-versus-host disease after failure of at least two prior lines of systemic therapy,214783,NDA,,https://www.accessdata.fda.gov/scripts/cder/daf/index.cfm?event=overview.process&ApplNo=214783,https://www.fda.gov/node/405954,Kadmon Pharms LLC
2021,Fexinidazole,fexinidazole,2021-07-16,To treat human African trypanosomiasis caused by the parasite Trypanosoma brucei gambiense,214429,NDA,,https://www.accessdata.fda.gov/scripts/cder/daf/index.cfm?event=overview.process&ApplNo=214429,https://www.fda.gov/node/406980,Sanofi
2021,Kerendia,finerenone,2021-07-09,To reduce the risk of kidney and heart complications in chronic kidney disease associated with type 2 diabetes,215341,NDA,https://www.accessdata.fda.gov/drugsatfda_docs/label/2021/215341s000lbl.pdf,https://www.accessdata.fda.gov/scripts/cder/daf/index.cfm?event=overview.process&ApplNo=215341,https://www.fda.gov/node/406901,Bayer Hlthcare
2021,Rylaze,asparaginase erwinia chrysanthemi (recombinant)-rywn,2021-06-30,"To treat acute lymphoblastic leukemia and lymphoblastic lymphoma in patients who are allergic to E. coli-derived asparaginase products, as a component of a chemotherapy regimen",761179,BLA,,https://www.accessdata.fda.gov/scripts/cder/daf/index.cfm?event=overview.process&ApplNo=761179,https://www.fda.gov/node/405654,Jazz Pharms
2021,Aduhelm,aducanumab-avwa,2021-06-07,To treat Alzheimer’s disease,761178,BLA,,https://www.accessdata.fda.gov/scripts/cder/daf/index.cfm?event=overview.process&ApplNo=761178,https://www.fda.gov/node/407751,Biogen INC
2021,Brexafemme,ibrexafungerp,2021-06-01,To treat vulvovaginal candidiasis,214900,NDA,,https://www.accessdata.fda.gov/scripts/cder/daf/index.cfm?event=overview.process&ApplNo=214900,https://www.fda.gov/node/406672,Glaxosmithkline
2021,Lybalvi,olanzapine and samidorphan,2021-05-28,To treat schizophrenia and certain aspects of bipolar I disorder,213378,NDA,,https://www.accessdata.fda.gov/scripts/cder/daf/index.cfm?event=overview.process&ApplNo=213378,https://www.fda.gov/node/407542,Alkermes INC
2021,Truseltiq,infigratinib,2021-05-28,To treat cholangiocarcinoma whose disease meets certain criteria,214622,NDA,,https://www.accessdata.fda.gov/scripts/cder/daf/index.cfm?event=overview.process&ApplNo=214622,https://www.fda.gov/node/406618,Helsinn Hlthcare
2021,Lumakras,sotorasib,2021-05-28,To treat types of non-small cell lung cancer,214665,NDA,,https://www.accessdata.fda.gov/scripts/cder/daf/index.cfm?event=overview.process&ApplNo=214665,https://www.fda.gov/node/406860,Amgen INC
2021,Pylarify,piflufolastat F 18,2021-05-26,To identify prostate-specific membrane antigen-positive lesions in prostate cancer,214793,NDA,,https://www.accessdata.fda.gov/scripts/cder/daf/index.cfm?event=overview.process&ApplNo=214793,https://www.fda.gov/node/405655,Progenics Pharms INC
2021,Rybrevant,amivantamab-vmjw,2021-05-21,To treat a subset of non-small cell lung cancer,761210,BLA,,https://www.accessdata.fda.gov/scripts/cder/daf/index.cfm?event=overview.process&ApplNo=761210,https://www.fda.gov/node/405596,Janssen Biotech
2021,Empaveli,pegcetacoplan,2021-05-14,To treat paroxysmal nocturnal hemoglobinuria,215014,NDA,,https://www.accessdata.fda.gov/scripts/cder/daf/index.cfm?event=overview.process&ApplNo=215014,https://www.fda.gov/node/405591,Apellis Pharms
2021,Zynlonta,loncastuximab tesirine-lpyl,2021-04-23,To treat certain types of relapsed or refractory large B-cell lymphoma,761196,BLA,,https://www.accessdata.fda.gov/scripts/cder/daf/index.cfm?event=overview.process&ApplNo=761196,https://www.fda.gov/node/406864,ADC Therapeutics SA
2021,Jemperli,dostarlimab-gxly,2021-04-22,To treat endometrial cancer,761174,BLA,,https://www.accessdata.fda.gov/scripts/cder/daf/index.cfm?event=overview.process&ApplNo=761174,https://www.fda.gov/node/405275,Glaxosmithkline
2021,Nextstellis,drospirenone and estetrol,2021-04-15,To prevent pregnancy,214154,NDA,,https://www.accessdata.fda.gov/scripts/cder/daf/index.cfm?event=overview.process&ApplNo=214154,https://www.fda.gov/node/406995,Mayne Pharma
2021,Qelbree,viloxazine,2021-04-02,To treat attention deficit hyperactivity disorder,211964,NDA,,https://www.accessdata.fda.gov/scripts/cder/daf/index.cfm?event=overview.process&ApplNo=211964,https://www.fda.gov/node/405246,Supernus Pharms
2021,Zegalogue,dasiglucagon,2021-03-22,To treat severe hypoglycemia,214231,NDA,,https://www.accessdata.fda.gov/scripts/cder/daf/index.cfm?event=overview.process&ApplNo=214231,https://www.fda.gov/node/407019,Zealand Pharma
2021,Ponvory,ponesimod,2021-03-18,To treat relapsing forms of multiple sclerosis,213498,NDA,,https://www.accessdata.fda.gov/scripts/cder/daf/index.cfm?event=overview.process&ApplNo=213498,https://www.fda.gov/node/405319,Vanda Pharms INC
2021,Fotivda,tivozanib,2021-03-10,To treat renal cell carcinoma,212904,NDA,,https://www.accessdata.fda.gov/scripts/cder/daf/index.cfm?event=overview.process&ApplNo=212904,https://www.fda.gov/node/406674,Aveo Pharms
2021,Azstarys,serdexmethylphenidate anddexmethylphenidate,2021-03-02,To treat attention deficit hyperactivity disorder,212994,NDA,,https://www.accessdata.fda.gov/scripts/cder/daf/index.cfm?event=overview.process&ApplNo=212994,https://www.fda.gov/node/405223,Commave Therap
2021,Pepaxto,melphalan flufenamide,2021-02-26,To treat relapsed or refractory multiple myeloma,214383,NDA,,https://www.accessdata.fda.gov/scripts/cder/daf/index.cfm?event=overview.process&ApplNo=214383,https://www.fda.gov/node/404367,
2021,Nulibry,fosdenopterin,2021-02-26,To reduce the risk of mortality in molybdenum cofactor deficiency Type A,214018,NDA,,https://www.accessdata.fda.gov/scripts/cder/daf/index.cfm?event=overview.process&ApplNo=214018,https://www.fda.gov/node/405271,Sentynl Theraps INC
2021,Amondys 45,casimersen,2021-02-25,To treat Duchenne muscular dystrophy,213026,NDA,,https://www.accessdata.fda.gov/scripts/cder/daf/index.cfm?event=overview.process&ApplNo=213026,https://www.fda.gov/node/404287,Sarepta Theraps INC
2021,Cosela,trilacicilib,2021-02-12,To mitigate chemotherapy-induced myelosuppression in small cell lung cancer,214200,NDA,,https://www.accessdata.fda.gov/scripts/cder/daf/index.cfm?event=overview.process&ApplNo=214200,https://www.fda.gov/node/404057,Pharmacosmos
2021,Evkeeza,evinacumab-dgnb,2021-02-11,To treat homozygous familial hypercholesterolemia,761181,BLA,,https://www.accessdata.fda.gov/scripts/cder/daf/index.cfm?event=overview.process&ApplNo=761181,https://www.fda.gov/node/404136,Regeneron Pharmaceuticals
2021,Ukoniq,umbralisib,2021-02-05,To treat marginal zone lymphoma and follicular lymphoma,213176,NDA,,https://www.accessdata.fda.gov/scripts/cder/daf/index.cfm?event=overview.process&ApplNo=213176,https://www.fda.gov/node/403838,Tg Theraps
2021,Tepmetko,tepotinib,2021-02-03,To treat non-small cell lung cancer,214096,NDA,,https://www.accessdata.fda.gov/scripts/cder/daf/index.cfm?event=overview.process&ApplNo=214096,https://www.fda.gov/node/403888,Emd Serono INC
2021,Lupkynis,voclosporin,2021-01-22,To treat lupus nephritis,213716,NDA,,https://www.accessdata.fda.gov/scripts/cder/daf/index.cfm?event=overview.process&ApplNo=213716,https://www.fda.gov/node/396152,Aurinia
2021,Cabenuva,cabotegravir and rilpivirine (co-packaged),2021-01-21,To treat HIV,212888,NDA,,https://www.accessdata.fda.gov/scripts/cder/daf/index.cfm?event=overview.process&ApplNo=212888,https://www.fda.gov/node/396237,Viiv Hlthcare
2021,Verquvo,vericiguat,2021-01-19,To mitigate the risk of cardiovascular death and hospitalization for chronic heart failure,214377,NDA,,https://www.accessdata.fda.gov/scripts/cder/daf/index.cfm?event=overview.process&ApplNo=214377,https://www.fda.gov/node/396135,Msd
